<?xml version="1.0" encoding="UTF-8"?>
<!DOCTYPE mapper PUBLIC "-//mybatis.org//DTD Mapper 3.0//EN" "http://mybatis.org/dtd/mybatis-3-mapper.dtd">

<mapper namespace="com.lcb404.mapper.NoticeBoardMapper">
	<insert id="regist">
		insert into noticeboard( title, writer, content)
		values (#{title},#{userId},#{content})
	</insert>
	<select id="getList" resultType="NoticeBoardVO">
	<![CDATA[
		select * from
		(select @rownum:=@rownum+1 as rn, A.* from 
		(select * from noticeboard where 
		]]>
	<choose>
		<when test="searchKey==null or searchKey==''">1=1</when>
		<otherwise>title like CONCAT('%',#{searchKey},'%')</otherwise>
	</choose>
	
	<![CDATA[
			order by tno desc
		) A, (SELECT @ROWNUM := 0 ) B ) C where rn>(#{pageNum}-1) * #{amount}  and rn<= #{pageNum} * #{amount}
		]]>
	</select>
	<select id="getTotal" resultType="int">
				select count(*) from noticeboard where 
		
		<choose>
		
		<when test="searchKey==null or searchKey==''">1=1</when>
		<otherwise>title like CONCAT('%',#{searchKey},'%')</otherwise>
		
		</choose>
	</select>
	
	<select id="getContent" resultType="NoticeBoardVO">
		select * from noticeboard where tno = #{tno} 
	</select>
	
	<update id="getUpdate">
		update noticeboard set title=#{title}, writer=#{writer}, content=#{content} where tno=#{tno} 
	</update>

	<delete id="getDelete">
		delete from noticeboard where tno = #{tno} 
	</delete>
	
</mapper>